count	player_id	category	name	author	released	reference	source_url	source_type	language	source_note
10738	DMC	binary-only	Demo Music Creator System (DMC)	Balazs Farkas (Brian)	1991	https://csdb.dk/release/?id=2598				
7550	GoatTracker_V2.x	source		Lasse Öörni (Cadaver)	2005 Covert Bitops	https://csdb.dk/release/?id=18308	https://sourceforge.net/projects/goattracker2/	sourceforge	C + 6502 asm	Official (Cadaver/Covert Bitops), GPLv2, maintained. .sng read/write in Python via ChiptuneSAK.
6403	Music_Assembler	binary-only		Marco Swagerman (MC) & Oscar Giesen (OPM)	1989 The Dutch USA-Team	https://csdb.dk/release/?id=94388				
4085	MoN/FutureComposer	source		Charles Deenen made the player & Juha Granberg (FCS) made the editor		https://csdb.dk/release/?id=10604	https://github.com/realdmx/c64_6581_sid_players	git-repo (reverse-eng)	6502 asm (ACME)	Editor is binary-only (csdb id=10604); repo has RE source for the underlying Deenen MON driver.
3678	JCH_NewPlayer	binary-only		Jens-Christian Huus (JCH)		https://csdb.dk/release/?id=14037				
3663	Soundmonitor	magazine		Chris Hülsbeck	1986 64'er/Markt & Technik	https://csdb.dk/release/?id=59929		magazine-listing		64'er magazine, Oct 1986 type-in listing (binary at csdb id=59929 / archive.org)
1384	GoatTracker_V1.x	source		Lasse Öörni (Cadaver)	2001 Covert Bitops	https://csdb.dk/release/?id=152697	https://sourceforge.net/projects/goattracker2/	sourceforge	C + 6502 asm	Same SF project (v1 history).
1170	HardTrack_Composer	binary-only		Milosz Ignatowski (Longhair)		https://csdb.dk/release/?id=74928				
1075	Master_Composer	binary-only	Master Composer	Paul Kleimeyer	1983 Access Software Inc.	https://csdb.dk/release/?id=128699				
1074	Hermit/SidWizard_V1.x	source		Mihály Horváth (Hermit)			https://sourceforge.net/projects/sid-wizard/	sourceforge	6502 asm (64tass) + C	Source in SF release zips. Fork w/ source: github.com/anarkiwi/sid-wizard. Python port: pysidwizard.
994	Geir_Tjelta/SIDDuzz'It	binary-only	SID Duzz'It (SDI)	Geir Tjelta & Glenn Rune Gallefoss (GRG)	1992	https://csdb.dk/release/?id=7175				
950	SoedeSoft	binary-only		Jeroen Soede & Michiel Soede	1988 Soedesoft	https://csdb.dk/release/?id=117095				
680	Digitalizer_V2.x	binary-only		Olav Mørkrid	1989	https://csdb.dk/release/?id=33646				
593	RoMuzak_V6.x	binary-only		Oliver Blasnik (ROM)	1989 Digital Marketing	https://csdb.dk/release/?id=17814				
522	Basic_Program	binary-only								
446	GMC/Superiors	binary-only	Game Music Creator System	Balazs Farkas (Brian)	1990	https://csdb.dk/release/?id=7268				
387	X-Ample	binary-only								
380	SidFactory_II/Laxity	source		Thomas Egeskov Petersen (Laxity)	2020	https://csdb.dk/release/?id=210571	https://github.com/Chordian/sidfactory2	git-repo	C++ (reSID) + 6502 asm	Official repo (Laxity/JCH/Chordian), actively maintained.
314	Loadstar_SongSmith	binary-only	Songsmith		Loadstar	https://csdb.dk/release/?id=122855				
314	Laxity_NewPlayer_V21	binary-only		Thomas Egeskov Petersen (Laxity)	2006	https://csdb.dk/release/?id=26563				
306	CheeseCutter_2.x	source		Timo Taipalus (Abaddon)	2011	https://csdb.dk/release/?id=106959	https://github.com/theyamo/CheeseCutter	git-repo	D + ACME 6502 asm	Official repo (Abaddon/theyamo), GPL.
301	Electrosound	binary-only			1985 Orpheus	https://csdb.dk/release/?id=27433				
293	Ubik's_Musik	binary-only	Ubik's Musik	Dave Korn (Ubik)	1987 Firebird	https://csdb.dk/release/?id=39950				
289	Rob_Hubbard	reverse-eng		Rob Hubbard			https://github.com/realdmx/c64_6581_sid_players/tree/master/Hubbard_Rob	git-repo (reverse-eng)	6502 asm (ACME)	RE driver source by composer
269	TFX	binary-only		Ray	1995 Unreal	https://csdb.dk/release/?id=110111				
264	SidTracker64	commercial		Daniel Larsson (Pernod)	2015			commercial-closed		proprietary, no public source
246	AMP	binary-only	Advanced Music Programmer	Andrew Miller (Burton)	1989 Hitech Studio Designs	https://csdb.dk/release/?id=35519				
245	DefleMask_v12	commercial		Leonardo Demartino (Delek)	2016	https://www.deflemask.com/		commercial-closed		proprietary, no public source
245	20CC	binary-only		Falco Paul		https://csdb.dk/release/?id=10741				
197	EMS/Odie	binary-only		Sean Connolly (Odie)						
197	Cyberlogic_SoundStudio	binary-only	Cyberlogic Sound Studio	Oliver Klee & Sascha Nagie	1991	https://csdb.dk/release/?id=170632				
192	Jeff	binary-only	Music Editor	Søren Lund (Jeff)	1996 Cyberzound Productions	https://csdb.dk/release/?id=122334				
184	John_Player	binary-only		Aleksi Eeben	2001 Aleksi Eeben					
182	MusicShop	binary-only	The Music Shop	Don Williams	1984 Brøderbund Software	https://csdb.dk/release/?id=82453				
179	Vibrants/Laxity	binary-only	LAXITY editor	Thomas Egeskov Petersen (Laxity)		https://csdb.dk/release/?id=122333				
163	OdinTracker	source		Zoltán Konyha (Zed)	2000	https://csdb.dk/release/?id=12577	https://www.zimmers.net/anonftp/pub/cbm/c64/audio/editors/OdinTracker113src.zip	author-site	6502 asm	Full source zip (Zed, 2001) on zimmers CBM archive.
148	Ariston	binary-only		Ian Crabtree						
140	MoN/Deenen	source		Charles Deenen			https://github.com/realdmx/c64_6581_sid_players	git-repo (reverse-eng)	6502 asm (ACME)	RE source: Deenen_Charles_MON.
137	Reflextracker	binary-only		Tammo Hinrichs (kb) & Matthias Kramm (Quiss) & Zorc		https://csdb.dk/release/?id=43348				
134	LordsOfSonics/MS	binary-only		Markus Schneider						
131	Prosonix	binary-only	Prosonix Music Editor	Stein Pedersen	1988 Prosonix	https://csdb.dk/release/?id=179618				
130	CyberTracker_exe	binary-only			2001	https://csdb.dk/release/?id=6663				
130	Vibrants/JO	binary-only		Poul-Jesper Olsen (JO)						
128	CyberTracker	binary-only		Bjarke Nørgaard Laustsen (CyberBrain)	2001	https://csdb.dk/release/?id=2601				
117	David_Whittaker	reverse-eng					https://github.com/realdmx/c64_6581_sid_players/tree/master/Whittaker_David	git-repo (reverse-eng)	6502 asm (ACME)	RE driver source by composer
117	SidWinder	source		Balázs Takács (Taki)	1999 Natural Beat	https://csdb.dk/release/?id=66494	https://www.zimmers.net/anonftp/pub/cbm/c64/audio/editors/SIDwinder_V0123_src.zip	author-site	6502 asm	V01.23 source; Taki, reconstructed by Levente Harsfalvi.
108	SynC	binary-only	SYNdrom Composer	Matthias Hartung (The Syndrom)		https://csdb.dk/release/?id=7850				
107	DefMon	source		Mats (Frantic of Hack'n'Trade)	2013	https://csdb.dk/release/?id=120965	https://defmon.vandervecken.com/	binary-only	6502 asm (.d64)	Tool ships compiled only. Python driver: github.com/anarkiwi/defmon-driver (PyPI defmon-driver).
104	System6581	binary-only		Fredrik Hederstierna (Zizyphus)		https://csdb.dk/release/?id=27434				
102	Michael_Winterberg	binary-only	Speedi System	Michael Winterberg						
102	Walt/Bonzai	binary-only		Anders Fogh (Walt)	1990 Bonzai	https://csdb.dk/release/?id=12580				
99	Audial_Arts	reverse-eng	Zong Player	François Prijt	Audial Arts		https://github.com/realdmx/c64_6581_sid_players/tree/master/Audial_Arts	git-repo (reverse-eng)	6502 asm (ACME)	RE driver source by composer
99	Chubrocker_V3.x	binary-only		László Benke (Dec)	1995 Cadgers	https://csdb.dk/release/?id=114185				
97	NinjaTracker_V2.x	source		Lasse Öörni (Cadaver)	2006 Covert Bitops	https://csdb.dk/release/?id=39374	https://cadaver.github.io/tools.html	author-site	6502 asm (DASM)	Release zip bundles full editor+player /src.
94	JCH_Protracker	binary-only		Jens-Christian Huus (JCH)						
94	TBB/SideB	binary-only		Tero Hilpinen (TBB)						
92	Sosperec	binary-only		Gabor Torday (Grabowsky)	1991	https://csdb.dk/release/?id=18233				
91	Guy_Shavitt	binary-only								
88	Antony_Crowther_V3	binary-only		Antony Crowther						
84	Digitalizer_V3.0	binary-only		Olav Mørkrid	1992	https://csdb.dk/release/?id=33649				
78	MoN/Bjerregaard	reverse-eng		Johannes Bjerregaard			https://github.com/realdmx/c64_6581_sid_players/tree/master/Bjerregaard_Johannes_MON	git-repo (reverse-eng)	6502 asm (ACME)	RE driver source by composer
78	SoundMaker	binary-only	Sound-Maker	Pleite Geier	United Artists					
78	Yip_MegaSound	binary-only	MegaSound Music Editor	Jori Olkkonen (Yip)	1988	https://csdb.dk/release/?id=72917				
76	PollyTracker	binary-only		Aleksi Eeben	2005	https://csdb.dk/release/?id=18605				
75	Groovy_Bits	binary-only	Groovy Music	Lars Patrik Wallström (Karl XII)	1989 Groovy Bits	https://csdb.dk/release/?id=121513				
74	Matt_Gray	reverse-eng		Matt Gray			https://github.com/realdmx/c64_6581_sid_players/tree/master/Gray_Matt	git-repo (reverse-eng)	6502 asm (ACME)	RE driver source by composer
72	DefleMask_v2	commercial		Leonardo Demartino (Delek)	2013	https://csdb.dk/release/?id=118363		commercial-closed		proprietary, no public source
71	Zardax	binary-only		Ari-Pekka Paljakka (Zardax)						
69	Ed/Wrath	binary-only		Eddie Svärd (Ed)						
68	Trident/Active	binary-only		Adam Dunkels (Trident)						
67	Roland_Hermans	binary-only								
67	Glover_NewPlayer_V21	binary-only		Lukasz Baran (Glover)	2000	https://csdb.dk/release/?id=101623				
67	Bjerregaard	reverse-eng		Johannes Bjerregaard			https://github.com/realdmx/c64_6581_sid_players/tree/master/Bjerregaard_Johannes_MON	git-repo (reverse-eng)	6502 asm (ACME)	RE driver source by composer
67	Heathcliff/DigitalArts	binary-only	Audio Assembler (a.k.a. Focus in-house music editor)	Rene Lergner (Heathcliff)	1990 Digital Arts	https://csdb.dk/release/?id=112794				
67	Asterion_V1.x	binary-only		Rafal Kazimierski (Asterion)	2004	https://csdb.dk/release/?id=11576				
65	Music_Processor	binary-only	The Music Processor	M. Peter Engelbrite	1984 Sight & Sound	https://csdb.dk/release/?id=150058				
61	Virtuoso	binary-only		Hein Holt	2015 Vision	https://csdb.dk/release/?id=139247				
60	Ben_Daglish/Gremlin	binary-only								
55	Martin_Galway	reverse-eng		Martin Galway			https://github.com/realdmx/c64_6581_sid_players/tree/master/Galway%20Martin	git-repo (reverse-eng)	6502 asm (ACME)	RE driver source by composer
54	SkyLine_Editor	binary-only	SkyLine Editor	Daniel Stenberg (Danne)	1989 SkyLine Technics	https://csdb.dk/release/?id=22726				
54	Fred_Gray	reverse-eng					https://github.com/realdmx/c64_6581_sid_players/tree/master/Gray_Fred	git-repo (reverse-eng)	6502 asm (ACME)	RE driver source by composer
54	FAME	reverse-eng		Adam Bulka	1988 F.A.M.E.		https://github.com/realdmx/c64_6581_sid_players/tree/master/Bulka_Adam_FAME	git-repo (reverse-eng)	6502 asm (ACME)	RE driver source by composer
53	GKGM	binary-only	Garry Kitchen's GameMaker	Alex DeMeo	1985 Activision					
52	Artline_Designs	binary-only		Antti Kangas (AK)	Artline Designs					
52	Geir_Tjelta/SIDSys18.6	binary-only	Sid Systems V4.1	Geir Tjelta	1990	https://csdb.dk/release/?id=33644				
48	Basic/Jim_Butterfield	binary-only								
48	Arne/AFL	binary-only		Arne Puszelski (Arne)						
47	Power_Music	binary-only		Michael Kukat (Raster Buster)	1989 Matrix	https://csdb.dk/release/?id=61127				
47	Adam_Gilmore	binary-only								
46	Geir_Tjelta/SIDSys18.4	binary-only	Sid Systems V4.1	Geir Tjelta	1990	https://csdb.dk/release/?id=33644				
45	David_Dunn	binary-only								
45	Griff	binary-only		Péter Varga (Griff)						
45	Geir_Tjelta/SIDSys_1.0	binary-only	Sid Systems V1	Geir Tjelta	1990	https://csdb.dk/release/?id=108477				
42	Mssiah	commercial			2008 8bit Ventures			commercial-closed		proprietary, no public source
42	The_Music_System	binary-only	The Music System		1985 Firebird					
42	Music_Studio/Lieblich	binary-only			1985 Activision	https://csdb.dk/release/?id=90711				
42	Zardax/SoundKiller	binary-only		Ari-Pekka Paljakka (Zardax) & Sami Ilmonen (Scapegoat)		https://csdb.dk/release/?id=99054				
41	PASS	binary-only	P.A.S.S. (Parabola Advanced Synthesis Software) / Allegro	Bob Landwehr	1983 Parabola / 1984 Artworx Software	https://csdb.dk/release/?id=128704				
41	5_Dimension	binary-only	5 Dimension Composer	Pleite Geier	1990 Pleite Geier	https://csdb.dk/release/?id=122330				
40	Olav_Moerkrid	binary-only								
40	SidFactory/Laxity	binary-only		Thomas Egeskov Petersen (Laxity)	2006	https://csdb.dk/release/?id=39519				
40	Blackbird/LFT	binary-only	Blackbird 1.0	Linus Åkesson (lft)	2017 lft	https://csdb.dk/release/?id=153555				
39	Digi-Organizer	binary-only	Digi-Organizer	Pawel Soltysinski (Polonus) & Marco Wienkoop (Lubber)	1991 Padua	https://csdb.dk/release/?id=871				
39	MusicComposer/FlashInc	binary-only	Music-Composer	Fredrik Karlsson (Zodiac) & Anders Elmén (Moon)	1991 Flash Inc.					
39	Equalizer	binary-only								
37	D.A.I.S.Y.	binary-only								
37	Background_MusicEditor	binary-only	Background Music Editor	Gary Davis	1983	https://hvmec.altervista.org/blog/?p=3405				
37	NordicBeat_Editor	binary-only		Daniel Hansson (Matrix)	1991 Nordic Beat	https://csdb.dk/release/?id=33642				
37	MusDriver/Paul_Hughes	binary-only	Music Driver	Paul Hughes						
37	Mark_Cooksey	binary-only		Mark Cooksey						
37	Stephen_Ruddy	binary-only		Stephen Ruddy						
37	Maduplec	binary-only		Martin Arentoft (Maduplec)						
36	4753_Softcopy	binary-only								
36	Comer/NMI_Sample_5	binary-only		Pawel Kulikowski (Comer)		https://csdb.dk/release/?id=101599				
35	PVL/Rhythmic_Lunatics	binary-only		Pascal van Loosbroek (PVL)						
35	Jeroen_Kimmel	reverse-eng					https://github.com/realdmx/c64_6581_sid_players/tree/master/Kimmel_Jeroen	git-repo (reverse-eng)	6502 asm (ACME)	RE driver source by composer
34	Soundbooster	binary-only		Stephan Swertvaegher (Midas)	1990	https://csdb.dk/release/?id=7536				
34	GeniusComposer	binary-only		Tobias Erbsland (Dr. Zoom)	1994	https://csdb.dk/release/?id=94332				
33	Sonic_Graffiti	binary-only	Sonic Graffiti Music Editor	Andy Lumley	1989 Sonic Graffiti	https://csdb.dk/release/?id=122160				
32	JCH_OldPlayer	binary-only		Jens-Christian Huus (JCH)						
31	C64_Speech_System	binary-only	C64 Speech System	Kristian Köhntopp	1986 64'er/Markt & Technik	https://csdb.dk/release/?id=129965				
31	Cycleburner_Digi	binary-only		Even Scharning (Cycleburner)						
31	Mark_Tait	binary-only								
31	Sidbang64_2/Warp8	source		Sebastian Abel (Warp8)			https://github.com/SebastianAbel/sidbang64	git-repo	Rust + 6502 asm	Same repo.
30	Acid_Player	binary-only		Stuart McDowell (Acid)						
28	TFMX/TimeComposer	binary-only		Oliver Hoeller (Rhodan)	1990	https://csdb.dk/release/?id=62502				
28	Neil_Brennan	binary-only								
27	Hermit/1RasterTracker	source		Mihály Horváth (Hermit)	2013	https://csdb.dk/release/?id=117935	https://hermit.sidrip.com/	author-site	6502 asm	Hermit's site hosts source.
27	Mike/LSD	binary-only		Michael Vandenberg (Mike)	1990 Lightning Soundtrack Development (LSD)					
27	Frank_Hammer/Sharon	binary-only								
26	Companion	binary-only	The Companion to the Commodore 64	Keith Bowden	1984 Pan Books					
26	Sidbang64_1/Warp8	source		Sebastian Abel (Warp8)	2021	https://csdb.dk/release/?id=199203	https://github.com/SebastianAbel/sidbang64	git-repo	Rust + 6502 asm	GPL-3.0; Rust host + C64 replayer.
25	Element114Studio_2.0	binary-only	Music Studio 2	Martin Piper	2010 Element 114 Software	https://csdb.dk/release/?id=91544				
25	Barry_Leitch	binary-only								
25	Companion/Jay_Derrett	binary-only		Jay Derrett						
25	Kawasaki_Synthesizer	binary-only	Kawasaki Synthesizer	Ryo Kawasaki	1983 Sight & Sound Music Software					
25	CCC_Editor	binary-only	Commodore Cracking Crew Music Editor	Pex Tufvesson	1987 Commodore Cracking Crew	https://csdb.dk/release/?id=149128				
24	Sound-Tracker_64	binary-only		Claus Leth Gregersen (Groo) & Michael Toft (Dean) & Lars Pedersen (Spe)	1988 Mechanix 2124	https://csdb.dk/release/?id=36365				
24	Jason_Brooke	binary-only								
23	Harri_Palviainen	binary-only								
23	TrackPlayer	binary-only		Marceli Rzepka (Lyon)	Motiv 8	https://csdb.dk/release/?id=90076				
22	TFMX	binary-only	The Final Musicsystem eXtended (TFMX)	Chris Hülsbeck	1988					
22	RoMuzak_V7.x	binary-only		Oliver Blasnik (ROM)		https://csdb.dk/release/?id=17819				
22	Stephan/Bytemare	binary-only	Music-Editor	Stephan Schloepke (Magic Man)	1990 Bytemare	https://csdb.dk/release/?id=125970				
22	Jeroen_Koops	binary-only								
22	Slaygon	binary-only		Kenneth Mutka (Slaygon)						
21	SadoTracker	source		Lasse Öörni (Cadaver)	1999 Covert Bitops	https://csdb.dk/release/?id=72773	https://cadaver.github.io/tools.html	author-site	6502 asm	Source distributed in release zip.
21	Games_Creator	binary-only	The Games Creator	David Darling & Richard Darling	1984 Mirrorsoft Ltd. / Mastertronic	https://csdb.dk/release/?id=116924				
21	Radarsoft	binary-only								
21	Roel_Bosch	binary-only								
21	Paradroid/Lameplayer	binary-only		Paradroid	1990	https://csdb.dk/release/?id=101595				
20	Novaload	binary-only								
20	Loadstar_SongSmith_v1	binary-only								
20	Electronic_Speech_Sys	binary-only	Electronic Speech System							
20	Dave_Warhol	binary-only								
20	Tiny/Sound_Images	binary-only								
20	Anvil	binary-only		Petri Reiman (Anvil)						
20	MacMusic	binary-only				https://csdb.dk/release/?id=117250				
19	Antony_Crowther_V2	binary-only	Music Master	Antony Crowther	1986 Your Commodore	https://csdb.dk/release/?id=14590				
19	Artlace	binary-only	Artlace Editor (ARL-Editor)	Artúr Bujdosó (Artlace)	1993 Rebels	https://csdb.dk/release/?id=152723				
19	Music_Construction_Set	binary-only	Will Harvey's Music Construction Set	Will Harvey	1984 Electronic Arts	https://csdb.dk/release/?id=185248				
18	Comer/Sample_Studio	binary-only		Pawel Kulikowski (Comer)		https://csdb.dk/release/?id=101704				
18	NinjaTracker_V1.x	source		Lasse Öörni (Cadaver)	2002 Covert Bitops	https://csdb.dk/release/?id=7206	https://cadaver.github.io/tools.html	author-site	6502 asm (DASM)	Source in release zip.
18	OxyMod4Bit/THCM	binary-only		Uwe Anfang (The Human Code Machine)						
18	GRG_tiny_4	binary-only		Glenn Rune Gallefoss (GRG)						
18	Burgstaller_B	binary-only								
18	Micropearl/Fitzpatrick	binary-only								
18	Ghost/SampleMon	binary-only	Sample Mon	Slawomir Skrzynski (Ghost)	1994 Biuro Informatyczno-Wydawnicze (BIW)	https://csdb.dk/release/?id=9876				
18	LFT	binary-only		Linus Åkesson (LFT)						
18	Harald_Rosenfeldt	binary-only	Music Assembler V3.1	Harald Rosenfeldt	1989 64'er/Markt & Technik					
17	K-Byte	binary-only								
17	GalBard/ATOO	binary-only	GalBard	Anders Andréen (ATOO)						
17	Chris_Cox	binary-only								
17	Extra_Sound	binary-only		Tobias Herre		https://csdb.dk/release/?id=111493				
17	Ashley_Hogg	binary-only								
17	Toaster_Digi	binary-only		Tomasz Przybylski (Toaster)						
17	Martin_Walker	binary-only								
16	Assassin_Sample_Mixer	binary-only	Sample Mixer	Assassin	1993	https://csdb.dk/release/?id=129555				
16	Element114Studio_1.0	binary-only	Music Studio Plus	Martin Piper & Alan Peters	1992 Element 114 Software					
16	DMC_V6.x	binary-only	Demo Music Creator System (DMC)	Balazs Farkas (Brian)						
16	Henning_Andersen	binary-only								
15	Polyanna	binary-only		Aleksi Eeben	2017	https://csdb.dk/release/?id=153091				
15	PlayStar	binary-only	Play Star	Radoslaw Andrzejewicz (Rabbi)						
14	OmegaSupreme_Digi	binary-only		Olav Mørkrid (Omega Supreme)						
14	Sidplayer	magazine		Craig Chamberlain	1985	https://csdb.dk/release/?id=33248		magazine-listing		Book 'All About the Commodore 64, Vol.2' (1985) — full type-in listing; scan at archive.org
14	Music_Producer_II	binary-only	Music Producer II	J.N.W. Cheesman						
14	Michael_Delaney	binary-only	C64 Music Editor V1.0	Michael Delaney	1992 Michael Delaney	https://csdb.dk/release/?id=138249				
14	Android	binary-only		Andrew Craigie (Android)						
14	GRG_tiny_2	binary-only		Glenn Rune Gallefoss (GRG)						
14	Hermit/FlexSID	source		Mihály Horváth (Hermit)	2022	https://csdb.dk/release/?id=214694	https://hermit.sidrip.com/	author-site	C	Built on Hermit's cRSID C library.
13	Neil_Baldwin	binary-only								
13	JammicroV1	binary-only	Jammicro V1	Kamil Wolnikowski (Jammer)						
13	Glover	binary-only		Lukasz Baran (Glover)						
13	Kosa_Protracker	binary-only		Jakub Kosinski (Kosa)						
13	Dave_Lowe	binary-only								
13	Twynn	binary-only		Ruud den Bekker (Twynn)						
12	Basically_Music	binary-only		Greg Tarr	1988 Compute! Gazette					
12	RiffQuick	binary-only								
12	Georg_Brandt	binary-only								
12	Chris_Huelsbeck	binary-only								
12	Paul_Butler	binary-only								
12	Mark_Clements	binary-only								
12	Anthony_Lees	binary-only								
12	Stuart_Taylor	binary-only								
12	Mark_Wilson	binary-only		Mark Wilson						
11	Dutch-USA_Team/ProDrum	binary-only		The Dutch USA-Team	1988	https://csdb.dk/release/?id=20672				
11	?Hoernell/Players	binary-only								
11	Samplomed	binary-only								
11	GRG	binary-only		Glenn Rune Gallefoss (GRG)						
11	Russell_Lieblich	binary-only		Russell Lieblich						
11	Prosonix_new	binary-only								
11	Gavin_Raeburn	binary-only								
11	ATMDS_3.x	binary-only	Acid Track Music Development System (ATMDS)	Stefan Hübner (St0ff)	2001 Neoplasia	https://csdb.dk/release/?id=7159				
10	?MSB	binary-only								
10	Frank_Tout	binary-only								
10	?Source_2	binary-only								
10	?Paul_Hodgson	binary-only								
10	Paul_Norman/Cosmi	binary-only								
10	OxyMod/THCM	binary-only		Uwe Anfang (The Human Code Machine)						
10	Geir_Tjelta/Echo	binary-only								
10	Faith_Sample_Mixer	binary-only	Sample Mixer	Slawomir Balon (BS)	1994 Faith Design	https://csdb.dk/release/?id=7296				
10	Star_Bars	binary-only	Star Bars Atari 2600 Music Editor	Aleksi Eeben	2023	https://csdb.dk/release/?id=234625				
10	Wyndex/Blahtune	binary-only		Stephen L. Judd (Wyndex)	1997	http://www.ffd2.com/fridge/blahtune/				
10	Kris_Hatlelid	binary-only								
10	DrumEditor	binary-only	Drumeditor V3.0	Frank Hugenroth & André Hugenroth	1990 64'er-Disc/Markt & Technik	https://csdb.dk/release/?id=136179				
10	Oeyvind_Jergan	binary-only		Øyvind Jergan						
10	Oliver_Klaewer	binary-only								
10	Zyborg	binary-only		Mikkel Jakobsen (Zyborg)						
9	Censor_Digi_1	binary-only								
9	Synth_Executor	binary-only	Synth Executor	Georg Feil (Georgie)	1986 Georg Feil	https://csdb.dk/release/?id=57436				
9	?TheSpy_Digi	binary-only								
9	MiniMusic	binary-only	Mini Music Editor	Balazs Farkas (Brian)	1990 Tomcat	https://csdb.dk/release/?id=55790				
9	?Alligata/Quicksilva	binary-only								
9	?Bob_Vieira/Epyx	binary-only								
9	Stephen_Biggs	binary-only								
9	GRG_tiny_1	binary-only		Glenn Rune Gallefoss (GRG)						
9	GMC_V2.0/Superiors	binary-only	Game Music Creator System	Balazs Farkas (Brian)						
9	Odie/Cosine	binary-only		Sean Connolly (Odie)						
9	Drumtex	binary-only		Vidar Bang (Drumtex)						
9	Holger_Gehrmann	binary-only	Soundcontrol	Holger Gehrmann	1984	https://csdb.dk/release/?id=30432				
9	SoundBox/MDA	binary-only		Tim Kleinert	1991 Modern Arts	https://csdb.dk/release/?id=112576				
9	Richard_Joseph	binary-only								
9	Music_Magic	binary-only		Mark Riley & Jon Rami	1984 Mark Riley & Jon Rami	https://csdb.dk/release/?id=129644				
9	Sorex_Digi	binary-only		Geert Verschueren (Sorex)						
9	Zod_Digi	binary-only								
8	Network	binary-only	Network Music Editor V1.4			https://csdb.dk/release/?id=207305				
8	Jim_Cuomo	binary-only								
8	Nigel_Grieve	binary-only								
8	Thiel_Sound_System	binary-only	David Dwyer Thiel Sound System (DDTSS)	David Thiel						
8	Tonal_Kaos	binary-only								
8	Dave_Lee	binary-only								
8	Steve_Turner	binary-only								
8	?Howard_Boles	binary-only								
8	ICC/TheVoice	binary-only		Incredibly Confused Coder (ICC)						
8	David_Green	binary-only								
8	Jason_Page/RobTracker	binary-only		Jason Page						
8	SoundWriter_2.0	binary-only		Thorsten Klose	1992 64'er/Markt & Technik	https://csdb.dk/release/?id=17422				
8	Mermaid_tiny	binary-only								
8	Dane	binary-only		Stellan Andersson (Dane)						
8	Mixer	binary-only		Jouni Ikonen (Mixer)						
8	Noise-Mon_V2	binary-only		Piotr Pisula	1992 Piotr Pisula					
8	Jason_Page	binary-only								
8	Reiter_Digi	binary-only		Bartek Stobiecki (Reiter)						
8	Martijn_Schutten	binary-only								
8	Hans_Siemons	binary-only								
8	Graffity/Grabowsky	binary-only								
8	Matthias_Weber	binary-only								
7	Power-Composer	binary-only		Markus (Biscuit)		https://csdb.dk/release/?id=236659				
7	Quantum_Soundtracker	binary-only		Aleksi Eeben	2024 Aleksi Eeben	https://csdb.dk/release/?id=245053				
7	Mcee_Digi	binary-only								
7	Colleen	binary-only								
7	?Jim_Simmons/Capcom	binary-only								
7	VoiceEater	binary-only		Rolf Runar Bakke	1999 SHAPE	https://csdb.dk/release/?id=33610				
7	Bobbi_Towers	binary-only								
7	Ed_Bogas/Accolade	binary-only		Ed Bogas						
7	Neil_Crossley	binary-only								
7	Ivan_Del_Duca	binary-only								
7	Gavin_Graham_2	binary-only								
7	Algorithm/Frodigi	binary-only	Free Running Oscillator Digi	Naveed Khugiani (Algorithm)						
7	Mat/MDA	binary-only		Matthias Hillebrand of Modern Arts						
7	(Dane_NewPlayer)	binary-only	JCH-editor 3.1 + NP22-25	Stellan Andersson (Dane)	2011	https://csdb.dk/release/?id=100406				
7	Ozzy_Oldschool_V1	binary-only		Ossi Aarnio (Ozzy Oldskool)						
7	SounDemon	binary-only		Otto Järvinen (SounDemoN)						
7	Song_Writer	binary-only		Jeremy Thorne						
6	Modulator	binary-only	Modulator	Thomas Krätzig	1985 64'er/Markt & Technik	https://csdb.dk/release/?id=129802				
6	Cyberbrain_Digi	binary-only		Bjarke Nørgaard Laustsen (CyberBrain)						
6	MicroRhythm	binary-only		Simon Pick	1986 Firebird	https://csdb.dk/release/?id=49637				
6	Voicemaster_Covox	binary-only	Voicemaster	Brad Stewart & Ned Higgins	1984 Covox Inc.					
6	CharlesCallet/MusicPro	binary-only	Music Pro	Charles Callet		https://cpcrulez.fr/applications_music-music-pro.htm?t=VA==				
6	?Source	binary-only								
6	Paul_Hughes	binary-only		Paul Hughes						
6	Ed_Bogas/Hakansson	binary-only		Ed Bogas						
6	ID_3.x	binary-only		Danjel Nyberg (Amadeus)						
6	Steve_Bak	binary-only								
6	Element114Studio_1.2	binary-only	Music Studio Plus	Martin Piper & Alan Peters	2010 Element 114 Software	https://csdb.dk/release/?id=90404				
6	Digimixer/FunFactory	binary-only	Digimixer	Gyula Szalai (Jules)	199? Fun Factory	https://csdb.dk/release/?id=129559				
6	Censor_Digi_2	binary-only								
6	MacGyver/ESV	binary-only	Expanded SID Voice	Mac Gyver	1988 Digitize Design Group	https://csdb.dk/release/?id=129556				
6	Geir_Tjelta/Comptech-X	binary-only	Comptech-X	Geir Tjelta	2019 <?>					
6	Rene_Romijn	binary-only								
6	Matt_Furniss	binary-only								
6	Golem	binary-only		Paul H. (Golem)						
6	MusicSlave	binary-only								
6	Van_Styer_Digi	binary-only		Piotr Przewozny (Van Styer)						
6	Hermit	binary-only								
6	Symphonica/MDA	binary-only	Symphonica Music System V1.0	Tim Kleinert						
6	JammicroV0	binary-only	Jammicro V0	Kamil Wolnikowski (Jammer)						
6	KB/TOM	binary-only		Tammo Hinrichs (kb) of The Obsessed Maniacs (TOM)						
6	Dave_Kelly	binary-only								
6	Stephen_Legg	binary-only								
6	Madhacker_Digi	binary-only		David (Madhacker)						
6	Magnar_tiny	binary-only								
6	MrMouse/EasyPlayer	binary-only		Michael Zuurman (Mr. Mouse)						
6	Paul_Mudra	binary-only								
6	Visac_tiny	binary-only								
5	Martin_Galway_Digi	binary-only		Martin Galway						
5	?Juergen_Jost	binary-only								
5	TFMX/MasterComposer	binary-only		Playboy & Sir Tippitt	1990 Bierfront	https://csdb.dk/release/?id=4298				
5	Hansford/Interceptor	binary-only		Graham Hansford						
5	Muso	binary-only		Tony Reihana	1985	https://csdb.dk/release/?id=156826				
5	Neil_Bate	binary-only		Neil Bate						
5	Parker_Bros	binary-only								
5	Capcom_2	binary-only								
5	Chris_Grigg_2	binary-only								
5	Llamasoft/James_Lisney	binary-only								
5	4-Mat_tiny_1	binary-only								
5	HCL/BoozeDesign	binary-only		David Malmborg (HCL)						
5	Graffity/Brian	binary-only								
5	Audial_Arts/Cody	binary-only								
5	Bappalander/Spacelab1	binary-only								
5	Bug/NCI	binary-only								
5	SkyLine_Editor_V3.0	binary-only	SkyLine Editor	Daniel Stenberg (Danne)	1990 SkyLine Technics	https://csdb.dk/release/?id=167080				
5	Jason_Briggs	binary-only								
5	Music_Maker_128	binary-only			1985 Music Sales Ltd	https://csdb.dk/release/?id=119395				
5	ChristopherJam	binary-only								
5	Steve_Day_Digi	binary-only								
5	Rotteroy_tiny	binary-only								
5	Chris_Grigg	binary-only	Sound Programming Language (SPL)	Chris Grigg						
5	HouseDesigns	binary-only								
5	ALiH	binary-only		Jaymz Julian (A Life in Hell)						
5	Maxx_Digi	binary-only		Zana Bela (Maxx)						
5	Mermaid_tiny_2	binary-only								
5	Ulrich_Muehl	binary-only								
5	PM/Niwa	binary-only								
5	Sarratou_Digi	binary-only								
5	Marco_Scheepers	binary-only								
5	Sentinel_V0.7	binary-only	Sentinel Music Player V07.G0	Sentinel	2020 Sentinel	https://csdb.dk/release/?id=202684				
5	Shaun_Southern	binary-only								
5	ATMDS_1.x	binary-only	Acid Track Music Development System (ATMDS)	Stefan Hübner (St0ff)	1997 Neoplasia	https://csdb.dk/release/?id=129844				
5	Ultimate	binary-only		Dave Thomas <?>						
5	JITT64_1.x	source		Stefano Tognon (Ice00)	2008 Ice Team	https://csdb.dk/release/?id=74136	https://sourceforge.net/p/jitt64/code/	sourceforge	Java	Active SVN repo (Ice00), GPLv2.
5	Steffen_Wagner	binary-only								
5	Walt_Digi	binary-only		Anders Fogh (Walt)						
4	FurC64	source		AnnoyedArt1256	2025 AnnoyedArt1256	https://github.com/AnnoyedArt1256/furC64	https://github.com/AnnoyedArt1256/furC64	git-repo	Python + 6502 asm	SID driver/converter for Furnace tracker (WIP).
4	Rastelin/Bones	binary-only		Jacob Surland (Rastelin)						
4	Georg_Brandt/Rhythm_CS	binary-only	Rhythm Construction Set	Georg Brandt	1986 64'er/Markt & Technik	https://csdb.dk/release/?id=9000				
4	Prophet64	commercial			2006 8bit Ventures			commercial-closed		proprietary, no public source
4	Spinnaker	binary-only								
4	XPMCK	source	Cross Platform Music Compiler Kit	Mic	2008	https://csdb.dk/release/?id=135624	https://github.com/mic-/xpmck	git-repo	Euphoria/Eiffel + 6502/Z80 asm	Cross-platform music compiler kit (Mic).
4	Ozzy_Oldschool_V2	binary-only		Ossi Aarnio (Ozzy Oldskool)						
4	MegaVisionMusic64	binary-only	MegaVision Music 64 V1.0	Stefan Konrath	1992 64'er/Markt & Technik	https://csdb.dk/release/?id=129795				
4	?Unknown_1	binary-only								
4	Softidea	binary-only								
4	?CBS	binary-only								
4	?Unknown_8	binary-only								
4	Creative_Sparks	binary-only								
4	?Jetsoft	binary-only								
4	?Emerald_Software	binary-only								
4	Bubble_Bus/Love_R	binary-only								
4	?Charlie_Barr/DataEast	binary-only								
4	4-Mat/Patchwork	binary-only								
4	4-Mat/TEDplay	binary-only								
4	Mjoosic_Mejker	binary-only	Mjoosic Mejker	Fredrik Ademar (Phred)	1988 Crackers & Programmers Unlimited	https://csdb.dk/release/?id=43954				
4	Ash&Dave_Digi	binary-only								
4	Steven_Baumrucker_2	binary-only								
4	Christoph_Bergmann	binary-only								
4	Comer/Digi	binary-only		Pawel Kulikowski (Comer)						
4	Antony_Crowther_V1	binary-only								
4	Danko/Shadi	binary-only								
4	Colin_Davies	binary-only								
4	Gavin_Graham	binary-only								
4	Groo/Psygon	binary-only		Claus Leth Gregersen (Groo)						
4	Lars_Haard	binary-only								
4	Urs_Heckmann	binary-only								
4	Hein_tiny	binary-only								
4	JCH_DigiPlayer	binary-only								
4	Kyle_Johnson	binary-only								
4	KingFisher_Digi	binary-only								
4	Audio_Effect_Editor	binary-only	Audio Effect Editor	Alexander Kirsch	1989 Golden Disk 64/CP Verlag	https://csdb.dk/release/?id=122169				
4	Twice_Effect_Editor	binary-only	Twice Effect Music Editor	Thomas Engelau	1991 Twice Effect	https://csdb.dk/release/?id=157105				
4	Dan_Liverani	binary-only								
4	MRG	binary-only								
4	Montecchio/Coolsound	binary-only		Andreas Montecchio						
4	John_Prince	binary-only								
4	Luigi_Recanatese	binary-only								
4	Daryll_Reynolds	binary-only								
4	Sentinel_V0.4	binary-only								
4	Gilles_Soulet	binary-only								
4	Censor_Digi/16khz	binary-only								
4	WizPlayer_2.0	binary-only		Piotr Kuciapski (Wizard)						
4	Keith_Wood	binary-only								
3	Boners	binary-only								
3	Audial_Revolution	binary-only	Audial Revolution Music Editor	Maikel van de Lisdonk (Yoga)	1989 Audial Revolution	https://csdb.dk/release/?id=71543				
3	Audiomaster_V2	binary-only		Ruben Spaans (Scroll)	1989 Megastyle	https://csdb.dk/release/?id=7072				
3	Digitize_Design_Group	binary-only								
3	Torpex	binary-only	Torpex's Music Editor	Peter Eriksson (Torpex)	1991 Wildstyle	https://csdb.dk/release/?id=78289				
3	Dutch-USA_Team/MC	binary-only								
3	Loadstar_SongSmith_v3	binary-only								
3	Charles_Callet	binary-only								
3	Bubble_Bus	binary-only								
3	En-Tech_Studio64	binary-only								
3	?Heiko_Schroeder	binary-only								
3	Pretzel/Soundscape	binary-only	Soundscape	Fredrik Blom	1990 Pretzel Logic	https://csdb.dk/release/?id=33643				
3	?ArgusPress	binary-only								
3	Choice_Software	binary-only								
3	?Unknown_10	binary-only								
3	?Caesar_Studio	binary-only								
3	Catalyst_Coders	binary-only								
3	Kevin_Grieve	binary-only								
3	?Beam_Software	binary-only								
3	Jim_Baguley/SolarSoft	binary-only								
3	?Kyle_Granger	binary-only								
3	?DaveJones/MrChip	binary-only								
3	Crunched:Exomizer	binary-only								
3	4-Mat_tiny_2	binary-only								
3	Kenneth_Arnold	binary-only		Kenneth W. Arnold						
3	Audial_Arts/Cody_Digi	binary-only								
3	Entropy_Editor	binary-only	Entropy Music Editor	Simon Collis (Uzzy)	1993 Entropy	https://csdb.dk/release/?id=100032				
3	Andreas_Bauernfeind	binary-only								
3	Steven_Baumrucker_1	binary-only								
3	Frank_Brodersen	binary-only								
3	Andy_Brown	binary-only								
3	Cadaver_Musicdriver_10	binary-only								
3	Andrew_Colin	binary-only								
3	Odie_tiny	binary-only		Sean Connolly (Odie)						
3	Cope/Omicron	binary-only								
3	Jeff/BullSID	binary-only		Søren Lund (Jeff)						
3	CRD_Tracker	binary-only	CRD-Tracker64	Owen Crowley (CRD)	2007 Owen Crowley	https://csdb.dk/release/?id=48461				
3	Cyrion_Digi	binary-only								
3	Daw_Digi	binary-only		David Fahlander (Daw)						
3	Drumtex_tiny	binary-only								
3	Commodore/Andy_Finkel	binary-only								
3	Hermit/FlexSID-Bare	source		Mihály Horváth (Hermit)	2022	https://csdb.dk/release/?id=214694	https://hermit.sidrip.com/	author-site	C	Built on cRSID.
3	TGS_Digi	binary-only		Gábor Gáspár (The Galactic Stranger)						
3	Jeremy_Hall	binary-only								
3	John_Hancock	binary-only								
3	Digital_Systems	binary-only								
3	Arti_Haroutunian	binary-only								
3	Jonas_Hulten	binary-only		Jonas Hultén						
3	Jeff/Airwalk	binary-only		Søren Lund (Jeff)						
3	Jeff/XLarge	binary-only		Søren Lund (Jeff)						
3	Nick_Jones	binary-only								
3	Tommi_Joutsiniemi	binary-only								
3	Ryo_Kawasaki	binary-only								
3	Oliver_Kirwa	binary-only								
3	Thomas_Kolbe	binary-only								
3	Ken_Lagace	binary-only								
3	Lethal_Digi	binary-only								
3	Al_Lowe	binary-only								
3	8bitDigi/Mahoney	source		Pex Tufvesson (Mahoney)			https://livet.se/mahoney/	author-site	6502 asm + MATLAB	8-bit DAC measurement program source + volume-table script.
3	DreamComposer/Tendance	binary-only								
3	Bo_Mellberg	binary-only								
3	MrWarp_Digi	binary-only		Markus Peter (Mr. Warp)						
3	Paul_Norman/ComPub	binary-only								
3	Jason_Page/Jay	binary-only	Jays Music Routine	Jason Page (Jay)	1988	https://csdb.dk/release/?id=43956				
3	Music_Works	binary-only			1991 Simulmondo	https://csdb.dk/release/?id=92082				
3	Sanyo_Digi	binary-only		Stephane Martel (Sanyo)						
3	Scout_Digi	binary-only								
3	Silpheed_tiny	binary-only								
3	Tom_Snyder	binary-only								
3	StreetTuff_4K	binary-only								
3	StreetTuff_Digi	binary-only								
3	Roger_Svensson	binary-only								
3	TIC/Artworx	binary-only								
3	Microtracker	source		Matthias Hartung (The Syndrom)		https://codebase64.org/doku.php?id=base:microtracker_v1.0	https://codebase64.net/doku.php?id=base:microtracker_v1.0	codebase64	6502 asm (KickAssembler)	Full player source (author-reconstructed).
3	Frederic_Thiesse	binary-only								
3	Trasher_Digi	binary-only		Preben Vindholmen (Trasher)						
3	Robert_Westgate_v2	binary-only		Robert Westgate						
3	Robert_Westgate_v1	binary-only		Robert Westgate						
3	Wyndex/ISEQ	binary-only		Stephen L. Judd (Wyndex)	2001	https://csdb.dk/release/?id=113028				
3	Yip_Digi	binary-only								
3	Zirias	source		Felix Palmen (Zirias)			https://github.com/Zirias/c64_basicmusic	git-repo	6502 asm + BASIC + C	BASIC music extension w/ custom playroutine (Felix Palmen).
2	Ed/Wrath_Digi	binary-only		Eddie Svärd (Ed)						
2	Champ_Digi	binary-only								
2	?Commodore	binary-only								
2	Emmanuel_Lavall	binary-only								
2	Busic/Frank_Inklaar	binary-only								
2	256bytes/Frantic	binary-only								
2	?Unknown_Digi_2	binary-only								
2	?Unknown_Digi_3	binary-only								
2	Andy_Wilson	binary-only								
2	Hane_MusicMaker	binary-only								
2	?Steve_Kellet	binary-only								
2	?American_Greetings	binary-only								
2	?Dataapan	binary-only								
2	Oliver_Klaewer/Woogle	binary-only								
2	256bytes/LFT	binary-only								
2	Synthicat	binary-only								
2	?Unknown_7	binary-only								
2	?Digital_Integration	binary-only								
2	?Andrew_Colin/Talent	binary-only								
2	Kurt_Heiden	binary-only								
2	?Pal_Balog	binary-only								
2	?Macsen	binary-only								
2	Marcin_Grzegorzewski	binary-only								
2	Zoltan_Mohos	binary-only								
2	?Jeff_Schneider	binary-only								
2	?Edge	binary-only								
2	?Andrew_Pohl	binary-only								
2	Maurizio_Feletto	binary-only								
2	Ray_Rideout	binary-only								
2	?Ice_Software	binary-only								
2	B_Robinson	binary-only								
2	?Ahead_Designs	binary-only								
2	Tim_Gibson	binary-only								
2	?Jim_Andron	binary-only								
2	M_J	binary-only								
2	Achim_Schulz	binary-only								
2	Colin_Porch	binary-only								
2	Synthesizer64	binary-only	Synthesizer 64	Werner Kracht		https://csdb.dk/release/?id=86037				
2	?MindSpan	binary-only								
2	?Konami	binary-only								
2	Chris_Hochberger	binary-only								
2	Americana	binary-only								
2	Sequencer	binary-only	Sequencer	Thomas Krätzig	1985 64'er/Markt & Technik	https://csdb.dk/release/?id=129802				
2	Andy_Morton	binary-only								
2	?Virgin	binary-only								
2	?US_Gold_90	binary-only								
2	Randy_Glover	binary-only								
2	John_Darnell	binary-only								
2	Berkeley	binary-only								
2	Johannes_Goettker	binary-only		Johannes Göttker						
2	Roy_Glover	binary-only								
2	Microillusions	binary-only								
2	Oliver_Buettner	binary-only								
2	English_Software	binary-only								
2	Olivier_Barthelemy	binary-only								
2	?Robert_Hardy	binary-only								
2	Alberto_Geneletti	binary-only								
2	Jeff_Minter	binary-only								
2	Steven_Green	binary-only								
2	?Gamestar	binary-only								
2	Daglish/?Jeff_Calder	binary-only								
2	4-Mat/1k_Play	binary-only								
2	4-Mat/MiniSeq	binary-only								
2	4-Mat_tiny_3	binary-only								
2	KB/SDS	binary-only		Tammo Hinrichs (kb) of Smash Designs (SDS)						
2	Abaddon_Digi	binary-only		Timo Taipalus (Abaddon)						
2	AnnoyedArt1256_Digi	binary-only								
2	(Audial_Arts_Digi)	binary-only								
2	Sarah_Jane_Avory	binary-only								
2	ProDrum_2/Antifan	binary-only		Christian Grün (Antifan)		https://csdb.dk/release/?id=74041				
2	Mega_Player	binary-only	Mega Player	Dirk Bialluch		https://wayback.archive.org/web/lightstorm3d.com/portfolio/html_en/mega_player.htm				
2	GRG_tiny_3	binary-only		Glenn Rune Gallefoss (GRG)						
2	Cadaver_Musicdriver_7	binary-only								
2	Odie/Pulse	binary-only		Sean Connolly (Odie)						
2	(EMS_V10.x)	binary-only		Sean Connolly (Odie)						
2	Krill_tiny	binary-only								
2	Bacco_Digi	binary-only								
2	Tommy_Dunbar	binary-only								
2	Ed/Wrath_Digi_2	binary-only								
2	256bytes/Laxity	binary-only								
2	Input64	binary-only								
2	Gregor_Larson	binary-only		Gregor Larson						
2	Rule3_Digi_2	binary-only		Marcin Jedrusik (Helios)						
2	?Paul_Higginbottom	binary-only								
2	Christian_Hikl	binary-only								
2	Eweguo	binary-only		Karl Hörnell						
2	Jeff/FLT	binary-only		Søren Lund (Jeff)		https://csdb.dk/release/?id=17292				
2	Jeff/BullSID3	binary-only								
2	Jer_Digi	binary-only								
2	256bytes/ALiH	binary-only								
2	Algorithm/8bitDigi	binary-only		Naveed Khugiani (Algorithm)						
2	AlgoVQTracker_V1	binary-only		Naveed Khugiani (Algorithm)						
2	Thomas_Levine	binary-only								
2	?Action_Graphics	binary-only								
2	Longhair	binary-only		Milosz Ignatowski (Longhair)						
2	Dutch-USA_Team/86	binary-only								
2	Magic_Man/Crazy	binary-only		Stephan Schloepke						
2	Magnar/Unrolled	binary-only								
2	Censor_8bit_Digi_1	binary-only		Fredrik Ternell (Swallow)						
2	Mindcooler	binary-only								
2	Mindcooler_2	binary-only								
2	Prosonix_tiny	binary-only								
2	Proton_tiny	binary-only								
2	Musicodec	binary-only	Musicodec	Fabian Rosenschein						
2	Nick_Scarim	binary-only								
2	E_Determann	binary-only								
2	Mr_Watson_Digi	binary-only								
2	Nutt67_Digi	binary-only		Ben Hayes (Nutt'67)						
2	Dave_Spicer_V1	binary-only								
2	Carmine_TSM	binary-only								
2	Peter_Thierolf	binary-only								
2	256bytes/Ice00	binary-only								
2	?Tork/Pulsar	binary-only								
2	Mark_Trotter	binary-only								
2	Visac_Sequencer	binary-only								
2	Chris_Walsh	binary-only								
2	Silas_Warner_Digi	binary-only								
2	Silas_Warner	binary-only		Silas S. Warner						
2	Mr_Wedge	binary-only								
2	Martin_Wheeler	binary-only								
2	X-Byte	binary-only								
2	Ola_Zandelin	binary-only								
2	Zeta_Digi	binary-only								
2	Zmolk	binary-only								
1	128bytes_tiny	binary-only								
1	DefleMask_v1	commercial		Leonardo Demartino (Delek)	2013			commercial-closed		proprietary, no public source
1	(Kris_Hatlelid_Digi)	binary-only								
1	Censored_Editor	binary-only		Kenneth Mutka (Slaygon)	1990 Censor Design	https://csdb.dk/release/?id=91724				
1	Loadstar_SongSmith_v2	binary-only								
1	Georg_Brandt_Digi	binary-only								
1	?Programming_Partners	binary-only	The Programming Partnership							
1	?Activision_1	binary-only								
1	(Frank_Tout_V2)	binary-only								
1	Tamas_Revbiro	binary-only								
1	Johnny_Klonaris	binary-only								
1	?Summergames/Epyx	binary-only								
1	256bytes/Agemixer	binary-only								
1	Soft_Tune_Composer	binary-only		Melih Küçükçalik	1989	https://csdb.dk/release/?id=101769				
1	Pretzel/C64Composer	binary-only	C64 Composer	Fredrik Blom (Coq Rouge)	1989 Pretzel Logic	https://csdb.dk/release/?id=27453				
1	GoatTracker_V2/Mini	source		Lasse Öörni (Cadaver)	2018 Covert Bitops		https://github.com/cadaver/miniplayer	git-repo	C + 6502 asm	Cut-down playroutine + gt2->mini converter.
1	GoatTracker_V2/Mini2	source		Lasse Öörni (Cadaver)	2021 Covert Bitops		https://github.com/cadaver/miniplayer2	git-repo	C + 6502 asm	Updated mini playroutine.
1	Conrad/Samar	binary-only		Owen Crowley (Conrad)						
1	SoftwareAutomaticMouth	binary-only			1983 Don't Ask Computer Software	https://csdb.dk/release/?id=42843				
1	Daglish/Gremlin_SFX	binary-only								
1	SidStep2	binary-only								
1	256bytes/AEB	binary-only								
1	Geir_Tjelta/MacroPlay1	binary-only	Macro Player	Geir Tjelta	2009	https://csdb.dk/release/?id=76493				
1	TheTracker/Hitmen	binary-only		Groepaz	1998 Hitmen	https://csdb.dk/release/?id=3385				
1	Crunched:PUCrunch	binary-only								
1	Kawasaki_Rhythm_Rocker	binary-only								
1	Censor_8bit_Digi_2	binary-only		Fredrik Ternell (Swallow)						
1	Mat/MDA_Digi	binary-only		Matthias Hillebrand of Modern Arts						
1	Rayden_Digi_V2	binary-only		Patrick Zeh (Rayden)						
1	Daryll_Reynolds_Digi	binary-only								
1	(XTracker_V4.2x)	binary-only								
1	Dave_Spicer_V15	binary-only								
1	256bytes/Tape	binary-only								
1	Geir_Tjelta/MacroPlay2	binary-only	Macro Player	Geir Tjelta	2009					
1	(Rob_Hubbard_Digi)	binary-only		Rob Hubbard						
1	DrumStudio	binary-only	Drum Studio	Mark Wilson	1990 Players Software	https://csdb.dk/release/?id=59864				
1	WizPlayer_1.0	binary-only		Piotr Kuciapski (Wizard)						
1	256bytes/Wyndex	binary-only								
